,Computer science,Architectural engineering,Environmental science,Engineering,Shading,Facade,Building envelope,Daylight,Envelope (radar),Materials science,Daylighting,Thermal,Architecture,Energy consumption,Thermal comfort,Energy (signal processing),Systems engineering,Structural engineering,Photovoltaic system,Glazing,Efficient energy use,Process (computing),Simulation,Solar gain,Parametric statistics,Mechanical engineering,Control (management),Meteorology,Context (archaeology),Illuminance,Kinetic energy,GLARE,Artificial intelligence,Sustainability,Automotive engineering,Solar energy,Renewable energy,Civil engineering,Human–computer interaction,Adaptation (eye)
Computer science,0,405,169,213,195,176,121,156,117,55,108,48,127,75,49,83,112,42,62,31,55,87,86,15,66,47,66,17,43,40,49,47,65,26,21,17,17,13,52,37
Architectural engineering,405,0,201,259,96,179,118,109,52,24,93,37,93,66,75,64,83,24,36,47,69,39,19,15,22,22,35,23,32,13,23,30,3,44,20,17,34,47,21,23
Environmental science,169,201,0,90,135,76,77,87,45,53,61,89,6,42,73,39,9,14,38,41,32,3,22,49,14,5,12,74,14,28,22,27,1,7,24,31,19,27,1,5
Engineering,213,259,90,0,28,75,58,27,52,28,24,22,46,22,20,33,71,66,21,15,23,21,13,4,13,33,21,7,13,2,16,6,8,22,18,8,10,33,6,7
Shading,195,96,135,28,0,42,18,96,12,26,74,25,6,48,34,34,3,6,42,29,19,12,48,46,16,5,19,25,9,46,10,35,11,1,15,24,3,2,3,3
Facade,176,179,76,75,42,0,34,62,10,15,47,21,18,29,22,21,17,29,30,23,25,23,28,17,24,11,9,7,14,11,19,17,9,8,7,14,17,11,2,10
Building envelope,121,118,77,58,18,34,0,25,161,28,28,55,19,35,34,23,29,13,18,30,29,17,10,22,11,14,5,12,15,5,3,2,1,13,9,6,13,6,2,14
Daylight,156,109,87,27,96,62,25,0,9,5,131,10,6,47,21,22,3,2,18,44,19,12,43,17,14,2,20,14,11,60,12,54,6,3,12,6,9,3,3,3
Envelope (radar),117,52,45,52,12,10,161,9,0,16,11,38,9,17,17,23,12,18,4,10,14,12,6,6,8,13,10,7,7,3,6,0,4,4,7,3,4,4,2,9
Materials science,55,24,53,28,26,15,28,5,16,0,6,53,2,4,8,13,1,40,8,23,7,2,2,14,5,26,2,1,2,1,13,3,1,0,3,3,1,0,0,0
Daylighting,108,93,61,24,74,47,28,131,11,6,0,11,1,30,14,16,7,3,20,40,8,6,26,18,19,0,11,9,6,45,10,40,1,1,9,7,4,2,2,1
Thermal,48,37,89,22,25,21,55,10,38,53,11,0,2,10,43,13,0,20,7,21,8,2,6,26,4,15,1,13,3,1,3,0,2,0,9,8,2,3,0,3
Architecture,127,93,6,46,6,18,19,6,9,2,1,2,0,7,3,4,30,0,1,0,5,21,2,0,6,5,3,0,16,0,10,0,12,11,0,0,3,7,18,11
Energy consumption,75,66,42,22,48,29,35,47,17,4,30,10,7,0,33,30,1,5,14,32,43,10,17,17,7,0,5,5,8,11,8,9,1,7,16,8,7,5,0,3
Thermal comfort,49,75,73,20,34,22,34,21,17,8,14,43,3,33,0,9,1,2,5,13,23,7,12,16,4,0,7,13,9,5,0,7,2,1,10,2,1,5,0,9
Energy (signal processing),83,64,39,33,34,21,23,22,23,13,16,13,4,30,9,0,1,2,12,5,30,6,10,6,7,2,13,8,1,5,8,5,2,2,12,11,3,4,2,3
Systems engineering,112,83,9,71,3,17,29,3,12,1,7,0,30,1,1,1,0,0,11,1,6,20,0,0,5,6,7,0,15,0,3,0,2,11,0,0,5,1,6,4
Structural engineering,42,24,14,66,6,29,13,2,18,40,3,20,0,5,2,2,0,0,2,12,0,0,2,2,3,13,1,0,3,0,6,0,0,0,1,4,1,4,0,0
Photovoltaic system,62,36,38,21,42,30,18,18,4,8,20,7,1,14,5,12,11,2,0,7,7,3,6,5,4,3,5,2,6,3,3,1,3,5,23,19,16,0,0,0
Glazing,31,47,41,15,29,23,30,44,10,23,40,21,0,32,13,5,1,12,7,0,13,4,5,31,2,1,2,2,2,18,0,15,0,5,11,6,5,2,0,1
Efficient energy use,55,69,32,23,19,25,29,19,14,7,8,8,5,43,23,30,6,0,7,13,0,6,10,6,4,3,9,3,7,0,6,1,2,9,11,2,10,6,1,0
Process (computing),87,39,3,21,12,23,17,12,12,2,6,2,21,10,7,6,20,0,3,4,6,0,6,4,11,6,5,0,13,3,0,0,7,4,0,0,1,1,7,8
Simulation,86,19,22,13,48,28,10,43,6,2,26,6,2,17,12,10,0,2,6,5,10,6,0,4,11,3,11,5,2,14,7,11,5,0,4,2,0,0,2,3
Solar gain,15,15,49,4,46,17,22,17,6,14,18,26,0,17,16,6,0,2,5,31,6,4,4,0,3,1,0,10,1,5,1,3,0,1,7,22,2,0,0,1
Parametric statistics,66,22,14,13,16,24,11,14,8,5,19,4,6,7,4,7,5,3,4,2,4,11,11,3,0,1,4,1,3,2,4,2,0,0,1,1,1,1,2,2
Mechanical engineering,47,22,5,33,5,11,14,2,13,26,0,15,5,0,0,2,6,13,3,1,3,6,3,1,1,0,0,0,1,1,5,1,0,0,5,1,1,2,0,0
Control (management),66,35,12,21,19,9,5,20,10,2,11,1,3,5,7,13,7,1,5,2,9,5,11,0,4,0,0,2,2,0,1,7,6,1,7,3,1,2,4,2
Meteorology,17,23,74,7,25,7,12,14,7,1,9,13,0,5,13,8,0,0,2,2,3,0,5,10,1,0,2,0,0,4,3,3,0,0,0,5,1,5,0,1
Context (archaeology),43,32,14,13,9,14,15,11,7,2,6,3,16,8,9,1,15,3,6,2,7,13,2,1,3,1,2,0,0,4,2,2,3,2,0,1,5,1,6,7
Illuminance,40,13,28,2,46,11,5,60,3,1,45,1,0,11,5,5,0,0,3,18,0,3,14,5,2,1,0,4,4,0,2,35,1,0,2,1,1,0,1,0
Kinetic energy,49,23,22,16,10,19,3,12,6,13,10,3,10,8,0,8,3,6,3,0,6,0,7,1,4,5,1,3,2,2,0,2,1,0,0,2,4,0,1,0
GLARE,47,30,27,6,35,17,2,54,0,3,40,0,0,9,7,5,0,0,1,15,1,0,11,3,2,1,7,3,2,35,2,0,1,0,2,1,0,0,1,0
Artificial intelligence,65,3,1,8,11,9,1,6,4,1,1,2,12,1,2,2,2,0,3,0,2,7,5,0,0,0,6,0,3,1,1,1,0,0,1,1,0,0,6,5
Sustainability,26,44,7,22,1,8,13,3,4,0,1,0,11,7,1,2,11,0,5,5,9,4,0,1,0,0,1,0,2,0,0,0,0,0,1,0,4,5,0,2
Automotive engineering,21,20,24,18,15,7,9,12,7,3,9,9,0,16,10,12,0,1,23,11,11,0,4,7,1,5,7,0,0,2,0,2,1,1,0,5,5,0,0,1
Solar energy,17,17,31,8,24,14,6,6,3,3,7,8,0,8,2,11,0,4,19,6,2,0,2,22,1,1,3,5,1,1,2,1,1,0,5,0,8,1,0,0
Renewable energy,17,34,19,10,3,17,13,9,4,1,4,2,3,7,1,3,5,1,16,5,10,1,0,2,1,1,1,1,5,1,4,0,0,4,5,8,0,2,0,2
Civil engineering,13,47,27,33,2,11,6,3,4,0,2,3,7,5,5,4,1,4,0,2,6,1,0,0,1,2,2,5,1,0,0,0,0,5,0,1,2,0,0,0
Human–computer interaction,52,21,1,6,3,2,2,3,2,0,2,0,18,0,0,2,6,0,0,0,1,7,2,0,2,0,4,0,6,1,1,1,6,0,0,0,0,0,0,6
Adaptation (eye),37,23,5,7,3,10,14,3,9,0,1,3,11,3,9,3,4,0,0,1,0,8,3,1,2,0,2,1,7,0,0,0,5,2,1,0,2,0,6,0
